sample_id,gender,age_group,education,city_tier,family_stage,purchase_budget,ownership_status,function_1,function_2,function_3,function_4,function_5,function_6,function_7,function_8,function_9,function_10,function_11,function_12,function_13,function_14,function_15,function_16,function_17,function_18,function_19,function_20,function_21,function_22,function_23,function_24,function_25,function_26,function_27,function_28,function_29,function_30,function_31
S001,male,25_34,bachelor,tier_1,single,150k_250k,first_time,4,3,5,2,4,3,4,5,2,3,4,5,3,4,2,5,4,3,2,4,5,3,4
S002,female,35_44,master,tier_2,couple_no_kids,250k_400k,repeat_buyer,3,4,3,3,3,4,3,3,4,3,3,4,3,3,3,3,4,3,3,3,3,3
S003,male,45_54,bachelor,tier_1,empty_nest,400k_600k,luxury_upgrade,5,4,5,4,5,4,5,4,5,4,5,4,5,4,5,5,4,5,4,5,4
S004,female,25_34,college,tier_3,young_parents,150k_250k,first_time,2,3,2,5,2,3,2,4,2,3,2,4,2,3,2,4,2,3,2,4,2
S005,male,35_44,master,tier_2,couple_no_kids,250k_400k,repeat_buyer,4,3,4,3,4,3,4,4,3,4,3,4,4,3,4,4,3,4,3,4,3
S006,female,under_25,college,tier_1,single,under_150k,first_time,3,4,3,4,3,4,3,4,3,4,3,4,3,4,3,4,3,4,3,4,3
S007,male,45_54,bachelor,tier_2,middle_aged_parents,400k_600k,repeat_buyer,5,5,5,3,5,5,5,4,5,5,5,4,5,5,5,4,5,5,5,4
S008,female,35_44,master,tier_1,couple_no_kids,250k_400k,repeat_buyer,4,3,4,4,4,3,4,4,3,4,4,4,3,4,4,4,3,4,4,4
S009,male,25_34,bachelor,tier_2,single,150k_250k,first_time,3,2,3,2,3,2,3,3,2,3,3,3,2,3,3,3,2,3,3,3
S010,female,55_plus,bachelor,tier_3,empty_nest,250k_400k,repeat_buyer,4,4,4,4,4,4,4,4,4,4,4,4,4,4,4,4,4,4,4,4
